Instrument,Tenor,Discount bond price
LIBOR,04/10/2012,
LIBOR,05/11/2012,
LIBOR,03/01/2013,
FUT,20/03/2013,
LIBOR,03/04/2013,
FUT,19/06/2013,
FUT,18/09/2013,
SWAP,03/10/2013,
FUT,18/12/2013,
FUT,19/03/2014,
SWAP,03/10/2014,
SWAP,05/10/2015,
SWAP,03/10/2016,
SWAP,03/10/2017,
SWAP,03/10/2018,
SWAP,03/10/2019,
SWAP,03/10/2020,
SWAP,03/10/2021,
SWAP,03/10/2022,
SWAP,03/10/2023,
SWAP,03/10/2024,
SWAP,03/10/2025,
SWAP,03/10/2026,
SWAP,04/10/2027,
SWAP,04/10/2028,
SWAP,04/10/2029,
SWAP,04/10/2030,
SWAP,04/10/2031,
SWAP,04/10/2032,
SWAP,04/10/2033,
SWAP,04/10/2034,
SWAP,04/10/2035,
SWAP,04/10/2036,
SWAP,04/10/2037,
SWAP,04/10/2038,
SWAP,04/10/2039,
SWAP,04/10/2040,
SWAP,04/10/2041,
SWAP,03/10/2042,
